epoch,lr-Adam,mae,r2,rmse,step
,0.0005,,,,0
0,,56.20957946777344,-0.22715389728546143,67.02900695800781,19
