epoch,lr-Adam,mae,r2,rmse,step
,0.001,,,,0
0,,94.62798309326172,-1.6329033374786377,119.57742309570312,4
