epoch,lr-Adam,mae,r2,rmse,step
,0.005,,,,0
0,,99.30899810791016,-1.0747532844543457,133.84603881835938,4
0,,105.5201644897461,-0.30968427658081055,141.9711456298828,9
